User Query,Bot Response,Improved Bot Response
What is your prediction for Forex?,Forex markets favor USD today.,"Today, the Forex markets favor USD."
Any news on Gold?,Investors are flocking to Gold.,Investors flock to gold.
Should I buy or sell WTI?,WTI is showing high volatility.,WTI shows high volatility.
What's the trend with Tesla?,Tesla shows bullish signs.,Tesla displays bullish signs.
What is your prediction for USD?,USD remains stable.,The USD remains stable.
Market outlook for ETH?,ETH is showing a downward trend.,ETH shows a downward trend.
What's the trend with Crypto?,Crypto markets show mixed performance.,Crypto markets show mixed results.
How is GBP trending today?,GBP is gaining against EUR.,GBP gains against EUR.
Analysis of Equities?,Equity markets are stabilizing.,The equity markets are stabilizing.
What's the price of Forex now?,Forex shows balanced trading.,Forex shows a balanced trading.
What's your take on AAPL?,AAPL earnings beat expectations.,AAPL's earnings beat expectations.
What is your prediction for GOOGL?,GOOGL remains a solid long-term pick.,GOOGL remains a solid long-term choice.
What's your take on NASDAQ?,NASDAQ shows investor optimism.,NASDAQ shows investors optimism.
Market outlook for Tesla?,Tesla shows bullish signs.,Tesla displays bullish signs.
Market outlook for XAU?,Gold prices are increasing.,The gold prices are increasing.
Should I diversify with BTC?,"BTC is bullish, buying recommended.",BTC is bullish and recommended buying.
Analysis of Bonds?,Bond yields are increasing.,Bond yields are growing.
What's the trend with AAPL?,AAPL stock remains steady.,The AAPL stock remains steady.
What's your take on AAPL?,AAPL stock remains steady.,AAPL stock remains stable.
What's your take on XAU?,Gold prices are increasing.,The gold prices are increasing.
Should I buy or sell EUR?,EUR is holding steady.,The EUR is holding steady.
Should I buy or sell Commodities?,Commodities show strong demand.,Commodities show a strong demand.
How is SPX trending today?,SPX is trending upward.,SPX is trending upwards.
Analysis of GOOGL?,GOOGL stock is slightly volatile.,The GOOGL stock is slightly volatile.
Market outlook for XAU?,Gold prices are increasing.,The gold prices are increasing.
What's your take on AAPL?,AAPL earnings beat expectations.,AAPL's earnings beat expectations.
What's your take on Gold?,Gold is up due to inflation concerns.,"Due to inflation concerns, gold is up."
Is WTI safe to invest in?,WTI is showing high volatility.,WTI shows high volatility.
Market outlook for Forex?,Forex markets favor USD today.,"Today, the Forex markets favor USD."
Analysis of Forex?,Forex markets favor USD today.,"Today, the Forex markets favor USD."
What is your prediction for MSFT?,MSFT shows growth potential.,MSFT shows potential for growth.
Give me an update on Forex.,Forex markets favor USD today.,"Today, the Forex markets favor USD."
What's your take on SPX?,SPX shows mixed market signals.,The SPX shows mixed market signals.
What's your take on Gold?,Investors are flocking to Gold.,Investors flock to gold.
What is your prediction for NASDAQ?,NASDAQ shows investor optimism.,NASDAQ shows investors optimism.
What is your prediction for Equities?,Equities are gaining after recent selloff.,"After the recent selloff, stocks are gaining."
What's the trend with Oil?,Oil shows demand increase.,Oil shows an increase in demand.
Should I buy or sell USD?,USD remains stable.,The USD remains stable.
Give me an update on USD.,USD is strengthening against other currencies.,The USD is strengthening against other currencies.
What's your take on GOOGL?,GOOGL stock is slightly volatile.,The GOOGL stock is slightly volatile.
Market outlook for Commodities?,Commodities show strong demand.,Commodities show a strong demand.
Analysis of Bonds?,Bonds remain a safe haven.,Bonds remain a safe haven for investors.
Should I diversify with NASDAQ?,NASDAQ shows investor optimism.,NASDAQ shows investors optimism.
How is BTC trending today?,BTC shows positive momentum today.,"Today, BTC shows positive momentum."
What's the trend with GBP?,GBP is gaining against EUR.,GBP gains against EUR.
What's the price of GBP now?,GBP trends show minor fluctuations.,The GBP trends show minor fluctuations.
Give me an update on AAPL.,AAPL earnings beat expectations.,The AAPL earnings beat expectations.
What is your prediction for Oil?,Oil prices are rising.,The oil prices are rising.
Should I buy or sell Oil?,Oil prices are rising.,The oil prices are rising.
Market outlook for Tesla?,Tesla stock remains volatile.,The Tesla stock remains volatile.
What's the price of GOOGL now?,GOOGL remains a solid long-term pick.,GOOGL remains a solid long-term choice.
What's the trend with Equities?,Equity markets are stabilizing.,The equity markets are stabilizing.
Market outlook for Commodities?,Commodity markets are steady.,Commodity markets are stable.
Should I diversify with Bonds?,Bond yields are increasing.,Bond yields are growing.
Analysis of Tesla?,Tesla shows bullish signs.,Tesla displays bullish signs.
Analysis of Gold?,Investors are flocking to Gold.,Investors flock to gold.
Analysis of NASDAQ?,NASDAQ is rallying.,The NASDAQ is rallying.
Market outlook for NASDAQ?,NASDAQ is rallying.,The NASDAQ is rallying.
Market outlook for EUR?,EUR is showing mild weakness today.,"Today, the EUR is showing a mild weakness."
Should I diversify with Oil?,Oil shows demand increase.,Oil shows an increase in demand.
Should I buy or sell SPX?,SPX shows mixed market signals.,The SPX shows mixed market signals.
What's the trend with Commodities?,Commodities show strong demand.,Commodities show a strong demand.
Market outlook for USD?,USD is strengthening against other currencies.,The USD is strengthening against other currencies.
Should I diversify with GBP?,GBP trends show minor fluctuations.,The GBP trends show minor fluctuations.
What is your prediction for AAPL?,AAPL stock remains steady.,AAPL stock remains stable.
Should I diversify with Tesla?,Tesla shows bullish signs.,Tesla displays bullish signs.
How is Gold trending today?,Investors are flocking to Gold.,Investors flock to gold.
Market outlook for SPX?,SPX is trending upward.,SPX is trending upwards.
What is your prediction for NASDAQ?,NASDAQ is rallying.,The NASDAQ is rallying.
Should I buy or sell Forex?,Forex shows balanced trading.,Forex shows a balanced trading.
What's the price of AAPL now?,AAPL stock remains steady.,AAPL stock remains stable.
Any news on Gold?,Investors are flocking to Gold.,Investors flock to gold.
Give me an update on GOOGL.,GOOGL remains a solid long-term pick.,GOOGL remains a solid long-term choice.
Market outlook for XAU?,XAU indicates investor confidence.,XAU indicates investor confidence
Any news on NASDAQ?,NASDAQ shows investor optimism.,NASDAQ shows investors optimism.
Should I diversify with Bonds?,Bond yields are increasing.,Bond yields are growing.
How is Crypto trending today?,Volatility remains high in crypto.,"In crypto, volatility remains high."
What's the price of Forex now?,Forex markets favor USD today.,"Today, the Forex markets favor USD."
Analysis of GOOGL?,GOOGL remains a solid long-term pick.,GOOGL remains a solid long-term choice.
Should I buy or sell SPX?,SPX is trending upward.,SPX is trending upwards.
What's the trend with Oil?,Oil prices are rising.,The oil prices are rising.
Is Tesla safe to invest in?,Tesla shows bullish signs.,Tesla displays bullish signs.
Should I buy or sell NASDAQ?,NASDAQ shows investor optimism.,NASDAQ shows investors optimism.
What's the price of EUR now?,EUR is showing mild weakness today.,"Today, the EUR is showing a mild weakness."
Market outlook for WTI?,WTI crude sees a price jump.,WTI crude sees a price rise.
What is your prediction for NASDAQ?,NASDAQ is rallying.,The NASDAQ is rallying.
What's the trend with Gold?,Investors are flocking to Gold.,Investors flock to gold.
Any news on EUR?,EUR is showing mild weakness today.,"Today, the EUR is showing a mild weakness."
What's your take on EUR?,EUR is holding steady.,The EUR is holding steady.
Should I buy or sell Gold?,Gold is up due to inflation concerns.,"Due to inflation concerns, gold is up."
What's the trend with Forex?,Forex shows balanced trading.,Forex shows a balanced trading.
Any news on WTI?,WTI crude sees a price jump.,WTI crude sees a price rise.
What's your take on USD?,USD is strengthening against other currencies.,The USD is strengthening against other currencies.
Analysis of MSFT?,MSFT shows growth potential.,MSFT shows potential for growth.
Analysis of Forex?,Forex markets favor USD today.,"Today, the Forex markets favor USD."
What is your prediction for Gold?,Gold is up due to inflation concerns.,"Due to inflation concerns, gold is up."
What's your take on Crypto?,Crypto markets show mixed performance.,Crypto markets show mixed results.
What is your prediction for WTI?,WTI is showing high volatility.,WTI shows high volatility.
What's the trend with Commodities?,Commodities show strong demand.,Commodities show a strong demand.
Market outlook for GBP?,GBP is gaining against EUR.,GBP gains against EUR.
Analysis of USD?,USD is strengthening against other currencies.,The USD is strengthening against other currencies.
What's the price of BTC now?,"BTC is bullish, buying recommended.",BTC is bullish and recommended buying.
Is GOOGL safe to invest in?,GOOGL stock is slightly volatile.,The GOOGL stock is slightly volatile.
Any news on XAU?,XAU indicates investor confidence.,XAU indicates investor confidence
Should I diversify with Crypto?,Volatility remains high in crypto.,"In crypto, volatility remains high."
What is your prediction for Equities?,Equity markets are stabilizing.,The equity markets are stabilizing.
Analysis of MSFT?,MSFT outlook is positive this quarter.,"This quarter, the MSFT outlook is positive."
What's the trend with Commodities?,Commodities show strong demand.,Commodities show a strong demand.
Is Equities safe to invest in?,Equity markets are stabilizing.,The equity markets are stabilizing.
Give me an update on NASDAQ.,NASDAQ is rallying.,The NASDAQ is rallying.
Market outlook for GOOGL?,GOOGL remains a solid long-term pick.,GOOGL remains a solid long-term choice.
Should I buy or sell Gold?,Gold is up due to inflation concerns.,"Due to inflation concerns, gold is up."
Market outlook for AAPL?,AAPL stock remains steady.,AAPL stock remains stable.
What's your take on Equities?,Equities are gaining after recent selloff.,"After the recent selloff, stocks are gaining."
Should I diversify with Tesla?,Tesla stock remains volatile.,The Tesla stock remains volatile.
What's the trend with Gold?,Gold is up due to inflation concerns.,"Due to inflation concerns, gold is up."
Should I buy or sell MSFT?,MSFT outlook is positive this quarter.,"This quarter, the MSFT outlook is positive."
Is MSFT safe to invest in?,MSFT shows growth potential.,MSFT shows potential for growth.
What's the trend with GBP?,GBP is gaining against EUR.,GBP gains against EUR.
What's the price of USD now?,USD remains stable.,The USD remains stable.
Should I diversify with SPX?,SPX shows mixed market signals.,The SPX shows mixed market signals.
What's the price of Forex now?,Forex markets favor USD today.,"Today, the Forex markets favor USD."
Any news on SPX?,SPX is trending upward.,SPX is trending upwards.
Any news on SPX?,SPX shows mixed market signals.,The SPX shows mixed market signals.
What is your prediction for Tesla?,Tesla shows bullish signs.,Tesla displays bullish signs.
Should I buy or sell Equities?,Equity markets are stabilizing.,The equity markets are stabilizing.
What's the trend with Tesla?,Tesla stock remains volatile.,The Tesla stock remains volatile.
What's the price of GOOGL now?,GOOGL stock is slightly volatile.,The GOOGL stock is slightly volatile.
Is NASDAQ safe to invest in?,NASDAQ shows investor optimism.,NASDAQ shows investors optimism.
How is ETH trending today?,ETH trading volume is decreasing.,The trading volume of ETH is decreasing.
Any news on Commodities?,Commodity markets are steady.,Commodity markets are stable.
Is Oil safe to invest in?,Oil prices are rising.,The oil prices are rising.
What's your take on Commodities?,Commodity markets are steady.,Commodity markets are stable.
Analysis of AAPL?,AAPL stock remains steady.,AAPL stock remains stable.
Should I buy or sell BTC?,"BTC is bullish, buying recommended.",BTC is bullish and recommended buying.
Analysis of Crypto?,Volatility remains high in crypto.,Volatility in crypto remains high.
How is GBP trending today?,GBP trends show minor fluctuations.,The GBP trends show minor fluctuations.
Should I diversify with ETH?,ETH trading volume is decreasing.,The trading volume of ETH is decreasing.
How is Crypto trending today?,Volatility remains high in crypto.,"In crypto, volatility remains high."
Should I buy or sell BTC?,BTC shows positive momentum today.,"Today, BTC shows positive momentum."
What is your prediction for GBP?,GBP trends show minor fluctuations.,The GBP trends show minor fluctuations.
Give me an update on Equities.,Equities are gaining after recent selloff.,"After the recent selloff, stocks are gaining."
Market outlook for AAPL?,AAPL earnings beat expectations.,AAPL's earnings beat expectations.
Any news on Commodities?,Commodities show strong demand.,Commodities show a strong demand.
What's the price of Forex now?,Forex shows balanced trading.,Forex shows a balanced trading.
What is your prediction for MSFT?,MSFT outlook is positive this quarter.,"This quarter, the MSFT outlook is positive."
Should I buy or sell XAU?,XAU indicates investor confidence.,XAU indicates investor confidence
What is your prediction for Gold?,Investors are flocking to Gold.,Investors flock to gold.
Any news on USD?,USD is strengthening against other currencies.,The USD is strengthening against other currencies.
What's the price of ETH now?,ETH trading volume is decreasing.,The trading volume of ETH is decreasing.
How is WTI trending today?,WTI crude sees a price jump.,WTI crude sees a price rise.
What's the price of WTI now?,WTI crude sees a price jump.,WTI crude sees a price rise.
What's your take on EUR?,EUR is holding steady.,The EUR is holding steady.
What's the price of XAU now?,XAU indicates investor confidence.,XAU indicates investor confidence
Is Equities safe to invest in?,Equities are gaining after recent selloff.,"After the recent selloff, stocks are gaining."
Give me an update on Crypto.,Crypto markets show mixed performance.,Crypto markets show mixed results.
How is Forex trending today?,Forex shows balanced trading.,Forex shows a balanced trading.
Is Gold safe to invest in?,Gold is up due to inflation concerns.,"Due to inflation concerns, gold is up."
Market outlook for XAU?,XAU indicates investor confidence.,XAU indicates investor confidence
Any news on GBP?,GBP is gaining against EUR.,GBP is gaining against EUR
Should I buy or sell Crypto?,Volatility remains high in crypto.,Volatility in crypto remains high.
What's your take on GOOGL?,GOOGL stock is slightly volatile.,The GOOGL stock is slightly volatile.
Analysis of WTI?,WTI crude sees a price jump.,WTI crude sees a price spike.
What's the trend with Oil?,Oil shows demand increase.,Oil shows an increase in demand.
Analysis of BTC?,BTC shows positive momentum today.,"Today, BTC shows positive momentum."
Should I diversify with Tesla?,Tesla stock remains volatile.,The Tesla stock remains volatile.
Analysis of USD?,USD remains stable.,The USD remains stable.
What's your take on Crypto?,Crypto markets show mixed performance.,Crypto markets show mixed results.
What's the trend with Tesla?,Tesla shows bullish signs.,Tesla displays bullish signs.
What's your take on Crypto?,Volatility remains high in crypto.,"In crypto, volatility remains high."
How is AAPL trending today?,AAPL stock remains steady.,AAPL stock remains stable.
Is BTC safe to invest in?,BTC shows positive momentum today.,"Today, BTC shows positive momentum."
Should I diversify with NASDAQ?,NASDAQ shows investor optimism.,NASDAQ shows investors optimism.
What's the trend with BTC?,BTC shows positive momentum today.,"Today, BTC shows positive momentum."
How is Oil trending today?,Oil shows demand increase.,Oil shows an increase in demand.
Give me an update on BTC.,BTC shows positive momentum today.,"Today, BTC shows positive momentum."
Should I diversify with SPX?,SPX shows mixed market signals.,The SPX shows mixed market signals.
What's the trend with EUR?,EUR is holding steady.,The EUR is holding steady.
Give me an update on Tesla.,Tesla stock remains volatile.,The Tesla stock remains volatile.
What's the trend with Bonds?,Bond yields are increasing.,Bond yields are growing.
Give me an update on Commodities.,Commodity markets are steady.,Commodity markets are stable.
Is GBP safe to invest in?,GBP is gaining against EUR.,GBP gains against EUR.
Analysis of Bonds?,Bonds remain a safe haven.,Bonds remain a safe haven for investors.
How is Equities trending today?,Equities are gaining after recent selloff.,"After the recent selloff, stocks are gaining."
Should I buy or sell AAPL?,AAPL stock remains steady.,AAPL stock remains stable.
What's the trend with Crypto?,Volatility remains high in crypto.,"In crypto, volatility remains high."
Market outlook for BTC?,"BTC is bullish, buying recommended.",BTC is bullish and recommended buying.
What's your take on ETH?,ETH is showing a downward trend.,ETH shows a downward trend.
How is Forex trending today?,Forex markets favor USD today.,"Today, the Forex markets favor USD."
Any news on Forex?,Forex markets favor USD today.,"Today, the Forex markets favor USD."
What's the price of EUR now?,EUR is holding steady.,The EUR is holding steady.
What's the price of XAU now?,Gold prices are increasing.,The gold prices are increasing.
What's the price of Commodities now?,Commodities show strong demand.,Commodities show a strong demand.
How is Equities trending today?,Equity markets are stabilizing.,The equity markets are stabilizing.
What's the trend with Gold?,Investors are flocking to Gold.,Investors flock to gold.
How is EUR trending today?,EUR is showing mild weakness today.,"Today, the EUR is showing a mild weakness."
Give me an update on USD.,USD is strengthening against other currencies.,The USD is strengthening against other currencies.
Any news on SPX?,SPX shows mixed market signals.,The SPX shows mixed market signals.
What's your take on BTC?,"BTC is bullish, buying recommended.","BTC is bullish, recommended buying."
Should I diversify with WTI?,WTI crude sees a price jump.,WTI crude sees a price rise.
How is Tesla trending today?,Tesla stock remains volatile.,The Tesla stock remains volatile.
Give me an update on WTI.,WTI is showing high volatility.,WTI shows high volatility.
Any news on AAPL?,AAPL earnings beat expectations.,AAPL's earnings beat expectations.
Market outlook for ETH?,ETH is showing a downward trend.,ETH shows a downward trend.
How is GOOGL trending today?,GOOGL remains a solid long-term pick.,GOOGL remains a solid long-term choice.
Is ETH safe to invest in?,ETH is showing a downward trend.,ETH shows a downward trend.
Should I diversify with Gold?,Gold is up due to inflation concerns.,"Due to inflation concerns, gold is up."
Analysis of Bonds?,Bond yields are increasing.,Bond yields are growing.
What's the price of Oil now?,Oil shows demand increase.,Oil shows an increase in demand.
Any news on BTC?,"BTC is bullish, buying recommended.",BTC is bullish and recommended buying.
Market outlook for Forex?,Forex shows balanced trading.,Forex shows a balanced trading.
How is BTC trending today?,"BTC is bullish, buying recommended.","BTC is bullish, recommended buying."
What is your prediction for NASDAQ?,NASDAQ shows investor optimism.,NASDAQ shows investors optimism.
Give me an update on MSFT.,MSFT outlook is positive this quarter.,"This quarter, the MSFT outlook is positive."
What's the price of ETH now?,ETH is showing a downward trend.,ETH shows a downward trend.
Should I buy or sell SPX?,SPX shows mixed market signals.,The SPX shows mixed market signals.
Should I diversify with Gold?,Gold is up due to inflation concerns.,"Due to inflation concerns, gold is up."
Is NASDAQ safe to invest in?,NASDAQ is rallying.,The NASDAQ is rallying.
What is your prediction for Equities?,Equities are gaining after recent selloff.,"After the recent selloff, stocks are gaining."
Is MSFT safe to invest in?,MSFT shows growth potential.,MSFT shows potential for growth.
Should I buy or sell Tesla?,Tesla stock remains volatile.,The Tesla stock remains volatile.
Is Equities safe to invest in?,Equity markets are stabilizing.,The equity markets are stabilizing.
What's the price of EUR now?,EUR is holding steady.,The EUR is holding steady.
What's the price of Gold now?,Gold is up due to inflation concerns.,"Due to inflation concerns, gold is up."
Any news on GBP?,GBP trends show minor fluctuations.,The GBP trends show minor fluctuations.
Give me an update on GBP.,GBP trends show minor fluctuations.,The GBP trends show minor fluctuations.
Give me an update on Tesla.,Tesla shows bullish signs.,Tesla displays bullish signs.
What's the trend with Oil?,Oil shows demand increase.,Oil shows an increase in demand.
Should I diversify with Equities?,Equities are gaining after recent selloff.,"After the recent selloff, stocks are gaining."
How is Oil trending today?,Oil shows demand increase.,Oil shows an increase in demand.
Give me an update on BTC.,BTC shows positive momentum today.,"Today, BTC shows positive momentum."
Market outlook for WTI?,WTI crude sees a price jump.,WTI crude sees a price rise.
Give me an update on Commodities.,Commodities show strong demand.,Commodities show a strong demand.
Should I buy or sell BTC?,"BTC is bullish, buying recommended.",BTC is bullish and recommended buying.
Any news on BTC?,"BTC is bullish, buying recommended.",BTC is bullish and recommended buying.
How is NASDAQ trending today?,NASDAQ is rallying.,The NASDAQ is rallying.
What's the price of Crypto now?,Crypto markets show mixed performance.,Crypto markets show mixed results.
How is MSFT trending today?,MSFT outlook is positive this quarter.,"This quarter, the MSFT outlook is positive."
What is your prediction for Oil?,Oil prices are rising.,The oil prices are rising.
Give me an update on Equities.,Equities are gaining after recent selloff.,"After the recent selloff, stocks are gaining."
What is your prediction for USD?,USD is strengthening against other currencies.,The USD is strengthening against other currencies.
Should I buy or sell XAU?,XAU indicates investor confidence.,XAU indicates investor confidence
Analysis of MSFT?,MSFT outlook is positive this quarter.,"This quarter, the MSFT outlook is positive."
Any news on GBP?,GBP trends show minor fluctuations.,The GBP trends show minor fluctuations.
What is your prediction for Oil?,Oil prices are rising.,The oil prices are rising.
Give me an update on NASDAQ.,NASDAQ shows investor optimism.,NASDAQ shows investors optimism.
What's your take on AAPL?,AAPL stock remains steady.,AAPL stock remains stable.
What's the price of Bonds now?,Bond yields are increasing.,Bond yields are growing.
Should I buy or sell WTI?,WTI is showing high volatility.,WTI shows high volatility.
Give me an update on ETH.,ETH is showing a downward trend.,ETH shows a downward trend.
Analysis of XAU?,Gold prices are increasing.,The gold prices are increasing.
Give me an update on AAPL.,AAPL stock remains steady.,AAPL stock remains stable.
How is USD trending today?,USD remains stable.,The USD remains stable.
Market outlook for XAU?,XAU indicates investor confidence.,XAU indicates investor confidence
Analysis of ETH?,ETH trading volume is decreasing.,The trading volume of ETH is decreasing.
Give me an update on Commodities.,Commodities show strong demand.,Commodities show a strong demand.
What's your take on Commodities?,Commodities show strong demand.,Commodities show a strong demand.
Should I diversify with USD?,USD remains stable.,The USD remains stable.
Any news on XAU?,Gold prices are increasing.,The gold prices are increasing.
Is AAPL safe to invest in?,AAPL earnings beat expectations.,AAPL's earnings beat expectations.
Is NASDAQ safe to invest in?,NASDAQ shows investor optimism.,NASDAQ shows investors optimism.
Give me an update on Equities.,Equities are gaining after recent selloff.,"After the recent selloff, the stocks are gaining."
Is Bonds safe to invest in?,Bond yields are increasing.,Bond yields are growing.
Market outlook for Oil?,Oil prices are rising.,The oil prices are rising.
What's your take on Gold?,Investors are flocking to Gold.,Investors flock to gold.
Should I buy or sell Oil?,Oil shows demand increase.,Oil shows an increase in demand.
Analysis of AAPL?,AAPL stock remains steady.,AAPL stock remains stable.
Any news on AAPL?,AAPL stock remains steady.,AAPL stock remains stable.
Is Crypto safe to invest in?,Crypto markets show mixed performance.,Crypto markets show mixed results.
How is NASDAQ trending today?,NASDAQ shows investor optimism.,NASDAQ shows investors optimism.
Give me an update on Bonds.,Bonds remain a safe haven.,Bonds remain a safe haven for investors.
Should I buy or sell Crypto?,Crypto markets show mixed performance.,Crypto markets show mixed results.
What's your take on Equities?,Equity markets are stabilizing.,The equity markets are stabilizing.
Analysis of BTC?,"BTC is bullish, buying recommended.",BTC is bullish and recommended buying.
Give me an update on EUR.,EUR is showing mild weakness today.,"Today, the EUR is showing a mild weakness."
Market outlook for EUR?,EUR is showing mild weakness today.,"Today, the EUR is showing a mild weakness."
Is Oil safe to invest in?,Oil prices are rising.,The oil prices are rising.
What's your take on Gold?,Gold is up due to inflation concerns.,"Due to inflation concerns, gold is up."
Give me an update on Oil.,Oil shows demand increase.,Oil shows an increase in demand.
Should I buy or sell SPX?,SPX shows mixed market signals.,The SPX shows mixed market signals.
Market outlook for NASDAQ?,NASDAQ shows investor optimism.,NASDAQ shows investors optimism.
What's your take on Gold?,Investors are flocking to Gold.,Investors flock to gold.
Should I buy or sell MSFT?,MSFT shows growth potential.,MSFT shows potential for growth.
What's your take on Commodities?,Commodity markets are steady.,Commodity markets are stable.
What's your take on GBP?,GBP is gaining against EUR.,GBP gains against EUR.
Market outlook for GOOGL?,GOOGL stock is slightly volatile.,The GOOGL stock is slightly volatile.
Market outlook for SPX?,SPX shows mixed market signals.,The SPX shows mixed market signals.
How is USD trending today?,USD remains stable.,The USD remains stable.
How is Crypto trending today?,Crypto markets show mixed performance.,Crypto markets show mixed results.
Should I buy or sell ETH?,ETH is showing a downward trend.,ETH shows a downward trend.
Market outlook for BTC?,"BTC is bullish, buying recommended.",BTC is bullish and recommended buying.
Analysis of Forex?,Forex markets favor USD today.,"Today, the Forex markets favor USD."
Is BTC safe to invest in?,"BTC is bullish, buying recommended.",BTC is bullish and recommended buying.
What's your take on Commodities?,Commodities show strong demand.,Commodities show a strong demand.
Should I buy or sell Crypto?,Crypto markets show mixed performance.,Crypto markets show mixed results.
What's your take on Tesla?,Tesla shows bullish signs.,Tesla displays bullish signs.
What's the trend with AAPL?,AAPL stock remains steady.,AAPL stock remains stable.
Should I buy or sell Bonds?,Bond yields are increasing.,Bond yields are growing.
Should I diversify with SPX?,SPX is trending upward.,SPX is trending upwards.
Is Oil safe to invest in?,Oil shows demand increase.,Oil shows an increase in demand.
What is your prediction for GBP?,GBP is gaining against EUR.,GBP gains against EUR.
What's the price of MSFT now?,MSFT shows growth potential.,MSFT shows potential for growth.
Market outlook for AAPL?,AAPL earnings beat expectations.,AAPL's earnings beat expectations.
What's your take on Bonds?,Bond yields are increasing.,Bond yields are growing.
Market outlook for Equities?,Equities are gaining after recent selloff.,"After the recent selloff, the stocks are gaining."
What is your prediction for Oil?,Oil prices are rising.,The oil prices are rising.
Should I buy or sell Gold?,Investors are flocking to Gold.,Investors flock to gold.
Give me an update on USD.,USD remains stable.,The USD remains stable.
Should I diversify with Gold?,Gold is up due to inflation concerns.,"Due to inflation concerns, gold is up."
Market outlook for Commodities?,Commodity markets are steady.,Commodity markets are stable.
Analysis of USD?,USD remains stable.,The USD remains stable.
What is your prediction for Crypto?,Crypto markets show mixed performance.,Crypto markets show mixed results.
Market outlook for Gold?,Gold is up due to inflation concerns.,"Due to inflation concerns, gold is up."
Any news on AAPL?,AAPL stock remains steady.,AAPL stock remains stable.
How is Forex trending today?,Forex markets favor USD today.,"Today, the Forex markets favor USD."
Any news on Gold?,Investors are flocking to Gold.,Investors flock to gold.
What's your take on WTI?,WTI crude sees a price jump.,WTI crude sees a price rise.
Give me an update on Commodities.,Commodity markets are steady.,Commodity markets are stable.
What is your prediction for GOOGL?,GOOGL remains a solid long-term pick.,GOOGL remains a solid long-term choice.
What's the trend with Oil?,Oil shows demand increase.,Oil shows an increase in demand.
Should I buy or sell BTC?,BTC shows positive momentum today.,"Today, BTC shows positive momentum."
How is Crypto trending today?,Crypto markets show mixed performance.,Crypto markets show mixed results.
Analysis of XAU?,XAU indicates investor confidence.,XAU indicates investor confidence
Should I buy or sell Oil?,Oil shows demand increase.,Oil shows an increase in demand.
Any news on USD?,USD remains stable.,The USD remains stable.
Give me an update on ETH.,ETH is showing a downward trend.,ETH shows a downward trend.
Analysis of Forex?,Forex markets favor USD today.,"Today, the Forex markets favor USD."
What's your take on SPX?,SPX shows mixed market signals.,The SPX shows mixed market signals.
Should I diversify with BTC?,"BTC is bullish, buying recommended.",BTC is bullish and recommended buying.
Give me an update on EUR.,EUR is showing mild weakness today.,"Today, the EUR is showing a mild weakness."
Analysis of AAPL?,AAPL stock remains steady.,AAPL stock remains stable.
Give me an update on GOOGL.,GOOGL stock is slightly volatile.,The GOOGL stock is slightly volatile.
Analysis of USD?,USD is strengthening against other currencies.,The USD is strengthening against other currencies.
What's the trend with USD?,USD remains stable.,The USD remains stable.
What's the price of Gold now?,Investors are flocking to Gold.,Investors flock to gold.
Is GOOGL safe to invest in?,GOOGL remains a solid long-term pick.,GOOGL remains a solid long-term choice.
Should I diversify with GBP?,GBP trends show minor fluctuations.,The GBP trends show minor fluctuations.
What's your take on GOOGL?,GOOGL remains a solid long-term pick.,GOOGL remains a solid long-term choice.
Give me an update on GBP.,GBP is gaining against EUR.,GBP is rising against EUR.
Any news on USD?,USD is strengthening against other currencies.,The USD is strengthening against other currencies.
What's the price of Commodities now?,Commodity markets are steady.,Commodity markets are stable.
Analysis of WTI?,WTI crude sees a price jump.,WTI crude sees a price rise.
What's the price of Commodities now?,Commodities show strong demand.,Commodities show a strong demand.
Analysis of Bonds?,Bond yields are increasing.,The yields of bonds are increasing.
What's your take on SPX?,SPX shows mixed market signals.,The SPX shows mixed market signals.
How is Crypto trending today?,Crypto markets show mixed performance.,Crypto markets show mixed results.
Should I diversify with USD?,USD remains stable.,The USD remains stable.
Analysis of MSFT?,MSFT shows growth potential.,MSFT shows potential for growth.
Any news on USD?,USD is strengthening against other currencies.,The USD is strengthening against other currencies.
What's the price of Bonds now?,Bond yields are increasing.,Bond yields are growing.
Should I diversify with Oil?,Oil prices are rising.,The oil prices are rising.
Is Equities safe to invest in?,Equity markets are stabilizing.,The equity markets are stabilizing.
What's the trend with BTC?,BTC shows positive momentum today.,"Today, BTC shows positive momentum."
What is your prediction for EUR?,EUR is holding steady.,The EUR is holding steady.
Market outlook for SPX?,SPX shows mixed market signals.,The SPX shows mixed market signals.
Any news on ETH?,ETH is showing a downward trend.,ETH shows a downward trend.
Analysis of SPX?,SPX shows mixed market signals.,The SPX shows mixed market signals.
Give me an update on Crypto.,Volatility remains high in crypto.,"In crypto, volatility remains high."
What's the price of EUR now?,EUR is showing mild weakness today.,"Today, the EUR is showing a mild weakness."
Should I buy or sell Oil?,Oil prices are rising.,The oil prices are rising.
Analysis of BTC?,"BTC is bullish, buying recommended.",BTC is bullish and recommended buying.
How is GBP trending today?,GBP is gaining against EUR.,GBP gains against EUR.
Give me an update on MSFT.,MSFT shows growth potential.,MSFT shows potential for growth.
Give me an update on EUR.,EUR is showing mild weakness today.,"Today, the EUR is showing a mild weakness."
Is AAPL safe to invest in?,AAPL stock remains steady.,AAPL stock remains stable.
Should I buy or sell Bonds?,Bond yields are increasing.,Bond yields are growing.
What's the trend with Gold?,Gold is up due to inflation concerns.,"Due to inflation concerns, gold is up."
Should I buy or sell Tesla?,Tesla stock remains volatile.,The Tesla stock remains volatile.
What is your prediction for Bonds?,Bonds remain a safe haven.,Bonds remain a safe haven for investors.
How is WTI trending today?,WTI is showing high volatility.,WTI shows high volatility.
Give me an update on BTC.,"BTC is bullish, buying recommended.","BTC is bullish, recommended buying."
What's the price of Forex now?,Forex shows balanced trading.,Forex shows a balanced trading.
What's the trend with NASDAQ?,NASDAQ shows investor optimism.,NASDAQ shows investors optimism.
What's your take on Tesla?,Tesla stock remains volatile.,The Tesla stock remains volatile.
How is Gold trending today?,Gold is up due to inflation concerns.,"Due to inflation concerns, gold is up."
What's the trend with NASDAQ?,NASDAQ is rallying.,The NASDAQ is rallying.
Analysis of NASDAQ?,NASDAQ is rallying.,The NASDAQ is rallying.
Give me an update on Tesla.,Tesla shows bullish signs.,Tesla displays bullish signs.
Should I diversify with Equities?,Equity markets are stabilizing.,The equity markets are stabilizing.
What's your take on Equities?,Equity markets are stabilizing.,The equity markets are stabilizing.
How is Forex trending today?,Forex shows balanced trading.,Forex shows a balanced trading.
Should I buy or sell Gold?,Gold is up due to inflation concerns.,"Due to inflation concerns, gold is up."
What is your prediction for SPX?,SPX is trending upward.,SPX is trending upwards.
Analysis of Commodities?,Commodity markets are steady.,Commodity markets are stable.
Should I diversify with SPX?,SPX is trending upward.,SPX is trending upwards.
What's the trend with AAPL?,AAPL earnings beat expectations.,AAPL's earnings beat expectations.
How is Equities trending today?,Equity markets are stabilizing.,The equity markets are stabilizing.
Any news on MSFT?,MSFT outlook is positive this quarter.,"This quarter, the MSFT outlook is positive."
Market outlook for BTC?,BTC shows positive momentum today.,"Today, BTC shows positive momentum."
Analysis of SPX?,SPX is trending upward.,SPX is trending upwards.
What's the trend with Gold?,Gold is up due to inflation concerns.,"Due to inflation concerns, gold is up."
Should I buy or sell Forex?,Forex shows balanced trading.,Forex shows a balanced trading.
How is Oil trending today?,Oil shows demand increase.,Oil shows an increase in demand.
Should I diversify with GBP?,GBP trends show minor fluctuations.,The GBP trends show minor fluctuations.
Should I buy or sell GBP?,GBP trends show minor fluctuations.,The GBP trends show minor fluctuations.
Analysis of Bonds?,Bond yields are increasing.,Bond yields are growing.
What's the price of Equities now?,Equities are gaining after recent selloff.,"After the recent selloff, the stocks are gaining."
Market outlook for GOOGL?,GOOGL stock is slightly volatile.,The GOOGL stock is slightly volatile.
What's the price of ETH now?,ETH trading volume is decreasing.,The trading volume of ETH is decreasing.
Analysis of Equities?,Equity markets are stabilizing.,The equity markets are stabilizing.
What's the price of GOOGL now?,GOOGL remains a solid long-term pick.,GOOGL remains a solid long-term choice.
Market outlook for WTI?,WTI is showing high volatility.,WTI shows high volatility.
Should I diversify with Gold?,Investors are flocking to Gold.,Investors flock to gold.
